date,symbol,close
2026-01-05,BENCH,100.00
2026-01-05,EXA,50.00
2026-01-05,EXB,40.00
2026-01-06,BENCH,100.10
2026-01-06,EXA,49.60
2026-01-06,EXB,39.75
2026-01-07,BENCH,100.20
2026-01-07,EXA,49.20
2026-01-07,EXB,39.50
2026-01-08,BENCH,100.30
2026-01-08,EXA,48.80
2026-01-08,EXB,39.25
2026-01-09,BENCH,100.40
2026-01-09,EXA,48.40
2026-01-09,EXB,39.00
2026-01-12,BENCH,100.50
2026-01-12,EXA,48.00
2026-01-12,EXB,38.75
2026-01-13,BENCH,100.60
2026-01-13,EXA,47.60
2026-01-13,EXB,38.50
2026-01-14,BENCH,100.70
2026-01-14,EXA,47.20
2026-01-14,EXB,38.25
2026-01-15,BENCH,100.80
2026-01-15,EXA,46.80
2026-01-15,EXB,38.00
2026-01-16,BENCH,100.90
2026-01-16,EXA,46.40
2026-01-16,EXB,37.75
2026-01-19,BENCH,101.00
2026-01-19,EXA,46.00
2026-01-19,EXB,37.50
2026-01-20,BENCH,101.10
2026-01-20,EXA,45.60
2026-01-20,EXB,37.25
2026-01-21,BENCH,101.20
2026-01-21,EXA,45.20
2026-01-21,EXB,37.00
2026-01-22,BENCH,101.30
2026-01-22,EXA,44.80
2026-01-22,EXB,36.75
2026-01-23,BENCH,101.40
2026-01-23,EXA,44.40
2026-01-23,EXB,36.50
2026-01-26,BENCH,101.50
2026-01-26,EXA,44.00
2026-01-26,EXB,36.25
2026-01-27,BENCH,101.60
2026-01-27,EXA,43.60
2026-01-27,EXB,36.00
2026-01-28,BENCH,101.70
2026-01-28,EXA,43.20
2026-01-28,EXB,35.75
2026-01-29,BENCH,101.80
2026-01-29,EXA,42.80
2026-01-29,EXB,35.50
2026-01-30,BENCH,101.90
2026-01-30,EXA,42.40
2026-01-30,EXB,35.25
2026-02-02,BENCH,102.00
2026-02-02,EXA,42.00
2026-02-02,EXB,35.00
2026-02-03,BENCH,102.10
2026-02-03,EXA,41.60
2026-02-03,EXB,34.75
2026-02-04,BENCH,102.20
2026-02-04,EXA,41.20
2026-02-04,EXB,34.50
2026-02-05,BENCH,102.30
2026-02-05,EXA,40.80
2026-02-05,EXB,34.25
2026-02-06,BENCH,102.40
2026-02-06,EXA,40.40
2026-02-06,EXB,34.00
2026-02-09,BENCH,102.50
2026-02-09,EXA,40.00
2026-02-09,EXB,33.75
2026-02-10,BENCH,102.60
2026-02-10,EXA,39.60
2026-02-10,EXB,33.50
2026-02-11,BENCH,102.70
2026-02-11,EXA,39.20
2026-02-11,EXB,33.25
2026-02-12,BENCH,102.80
2026-02-12,EXA,38.80
2026-02-12,EXB,33.00
2026-02-13,BENCH,102.90
2026-02-13,EXA,38.40
2026-02-13,EXB,32.75
2026-02-16,BENCH,103.00
2026-02-16,EXA,38.00
2026-02-16,EXB,32.50
2026-02-17,BENCH,103.10
2026-02-17,EXA,37.60
2026-02-17,EXB,32.25
2026-02-18,BENCH,103.20
2026-02-18,EXA,37.20
2026-02-18,EXB,32.00
2026-02-19,BENCH,103.30
2026-02-19,EXA,36.80
2026-02-19,EXB,31.75
2026-02-20,BENCH,103.40
2026-02-20,EXA,36.40
2026-02-20,EXB,31.50
2026-02-23,BENCH,103.50
2026-02-23,EXA,36.00
2026-02-23,EXB,31.25
2026-02-24,BENCH,103.60
2026-02-24,EXA,35.60
2026-02-24,EXB,31.00
2026-02-25,BENCH,103.70
2026-02-25,EXA,35.20
2026-02-25,EXB,30.75
2026-02-26,BENCH,103.80
2026-02-26,EXA,34.80
2026-02-26,EXB,30.50
2026-02-27,BENCH,103.90
2026-02-27,EXA,34.40
2026-02-27,EXB,30.25
2026-03-02,BENCH,104.00
2026-03-02,EXA,34.00
2026-03-02,EXB,30.00
2026-03-03,BENCH,104.10
2026-03-03,EXA,33.60
2026-03-03,EXB,29.75
2026-03-04,BENCH,104.20
2026-03-04,EXA,33.20
2026-03-04,EXB,29.50
2026-03-05,BENCH,104.30
2026-03-05,EXA,32.80
2026-03-05,EXB,29.25
2026-03-06,BENCH,104.40
2026-03-06,EXA,32.40
2026-03-06,EXB,29.00
2026-03-09,BENCH,104.50
2026-03-09,EXA,32.00
2026-03-09,EXB,28.75
2026-03-10,BENCH,104.60
2026-03-10,EXA,31.60
2026-03-10,EXB,28.50
2026-03-11,BENCH,104.70
2026-03-11,EXA,31.20
2026-03-11,EXB,28.25
2026-03-12,BENCH,104.80
2026-03-12,EXA,30.80
2026-03-12,EXB,28.00
2026-03-13,BENCH,104.90
2026-03-13,EXA,30.40
2026-03-13,EXB,27.75
2026-03-16,BENCH,105.00
2026-03-16,EXA,30.00
2026-03-16,EXB,27.50
2026-03-17,BENCH,105.10
2026-03-17,EXA,29.60
2026-03-17,EXB,27.25
2026-03-18,BENCH,105.20
2026-03-18,EXA,29.20
2026-03-18,EXB,27.00
2026-03-19,BENCH,105.30
2026-03-19,EXA,28.80
2026-03-19,EXB,26.75
2026-03-20,BENCH,105.40
2026-03-20,EXA,28.40
2026-03-20,EXB,26.50
2026-03-23,BENCH,105.50
2026-03-23,EXA,28.00
2026-03-23,EXB,26.25
2026-03-24,BENCH,105.60
2026-03-24,EXA,28.60
2026-03-24,EXB,26.00
2026-03-25,BENCH,105.70
2026-03-25,EXA,29.20
2026-03-25,EXB,25.75
2026-03-26,BENCH,105.80
2026-03-26,EXA,29.80
2026-03-26,EXB,25.50
2026-03-27,BENCH,105.90
2026-03-27,EXA,30.40
2026-03-27,EXB,25.25
2026-03-30,BENCH,106.00
2026-03-30,EXA,31.00
2026-03-30,EXB,25.00
2026-03-31,BENCH,106.10
2026-03-31,EXA,31.60
2026-03-31,EXB,24.75
2026-04-01,BENCH,106.20
2026-04-01,EXA,32.20
2026-04-01,EXB,24.50
2026-04-02,BENCH,106.30
2026-04-02,EXA,32.80
2026-04-02,EXB,24.25
2026-04-03,BENCH,106.40
2026-04-03,EXA,33.40
2026-04-03,EXB,24.00
2026-04-06,BENCH,106.50
2026-04-06,EXA,34.00
2026-04-06,EXB,23.75
2026-04-07,BENCH,106.60
2026-04-07,EXA,34.60
2026-04-07,EXB,23.50
2026-04-08,BENCH,106.70
2026-04-08,EXA,35.20
2026-04-08,EXB,23.25
2026-04-09,BENCH,106.80
2026-04-09,EXA,35.80
2026-04-09,EXB,23.00
2026-04-10,BENCH,106.90
2026-04-10,EXA,36.40
2026-04-10,EXB,22.75
2026-04-13,BENCH,107.00
2026-04-13,EXA,37.00
2026-04-13,EXB,22.50
2026-04-14,BENCH,107.10
2026-04-14,EXA,37.60
2026-04-14,EXB,22.25
2026-04-15,BENCH,107.20
2026-04-15,EXA,38.20
2026-04-15,EXB,22.00
2026-04-16,BENCH,107.30
2026-04-16,EXA,38.80
2026-04-16,EXB,21.75
2026-04-17,BENCH,107.40
2026-04-17,EXA,39.40
2026-04-17,EXB,21.50
2026-04-20,BENCH,107.50
2026-04-20,EXA,40.00
2026-04-20,EXB,21.25
2026-04-21,BENCH,107.60
2026-04-21,EXA,40.60
2026-04-21,EXB,21.00
2026-04-22,BENCH,107.70
2026-04-22,EXA,41.20
2026-04-22,EXB,20.75
2026-04-23,BENCH,107.80
2026-04-23,EXA,41.80
2026-04-23,EXB,20.50
2026-04-24,BENCH,107.90
2026-04-24,EXA,42.40
2026-04-24,EXB,20.25
2026-04-27,BENCH,108.00
2026-04-27,EXA,43.00
2026-04-27,EXB,20.00
2026-04-28,BENCH,108.10
2026-04-28,EXA,43.60
2026-04-28,EXB,19.75
2026-04-29,BENCH,108.20
2026-04-29,EXA,44.20
2026-04-29,EXB,19.50
2026-04-30,BENCH,108.30
2026-04-30,EXA,44.80
2026-04-30,EXB,19.25
2026-05-01,BENCH,108.40
2026-05-01,EXA,45.40
2026-05-01,EXB,19.00
2026-05-04,BENCH,108.50
2026-05-04,EXA,46.00
2026-05-04,EXB,18.75
2026-05-05,BENCH,108.60
2026-05-05,EXA,46.60
2026-05-05,EXB,18.50
2026-05-06,BENCH,108.70
2026-05-06,EXA,47.20
2026-05-06,EXB,18.25
2026-05-07,BENCH,108.80
2026-05-07,EXA,47.80
2026-05-07,EXB,18.00
2026-05-08,BENCH,108.90
2026-05-08,EXA,48.40
2026-05-08,EXB,17.75
